orderNumber,occurrenceID,family,scientificName,genus,species,subspecies,author,eventDate,year,state,individualCount,juvenileCount,adultCount,countMethod,decimalLatitude,decimalLongitude,coordinateUncertaintyInMeters,locality,municipality,stateProvince,island,islandGroup,country,countryCode,recordedBy,basisOfRecord,disposition,etiket_ref,collection,determinavit (det.),occurrenceRemarks
1,,Megalomastomatidae,Obscurella bicostulata,Obscurella,bicostulata,,"Gofas, 1989",18/08/2004,2004,empty shell,2,0,2,exact,,,,Fuente Dé,Camaleño,Cantabria,,,Spain,ES,R.E. Reuselaars,HumanObservation,Y,,Ward Langeraert,Ward Langeraert,on shadow area of big rock at 1100 mts
2,,Megalomastomatidae,Obscurella asturica,Obscurella,asturica,,"(Raven, 1990)",24/06/2013,2013,empty shell,4,0,4,exact,,,,Bajes,,Cantabria,,,Spain,ES,R.E. Reuselaars,HumanObservation,Y,,Ward Langeraert,R.E. Reuselaars,cannot find this location
3,,Megalomastomatidae,Obscurella hidalgoi,Obscurella,hidalgoi,,"(Crosse, 1864)",27/06/2013,2013,empty shell,3,0,3,exact,,,,Las Selas (Castilla y León),,,,,Spain,ES,R.E. Reuselaars,HumanObservation,Y,,Ward Langeraert,R.E. Reuselaars,on rocks; cannot find this location
4,,Megalomastomatidae,Obscurella hidalgoi,Obscurella,hidalgoi,,"(Crosse, 1864)",27/06/2013,2013,empty shell,1,0,1,exact,,,,North of Covadonga,Cangas de Onís,Asturias,,,Spain,ES,R.E. Reuselaars,HumanObservation,Y,,Ward Langeraert,Ward Langeraert,at 1000 mts altitude on limestone rocks
5,,Clausiliidae,Clausilia bidentata,Clausilia,bidentata,,"(Strøm, 1765)",31/07/2013,2013,empty shell,3,0,3,exact,43.418889,-2.949444,100,Cliffs northwest of Gorliz,Gorliz,Vizcaya,,,Spain,ES,Ward Langeraert,HumanObservation,Y,,Ward Langeraert,Ward Langeraert,
6,,Elonidae,Elona quimperiana,Elona,quimperiana,,"(Blainville, 1821)",31/07/2013,2013,dead,1,0,1,exact,43.418889,-2.949444,25,Cliffs northwest of Gorliz,Gorliz,Vizcaya,,,Spain,ES,Ward Langeraert,HumanObservation,Y,,Ward Langeraert,Ward Langeraert,
7,,Geomitridae,Helicella itala itala,Helicella,itala,itala,"(Linnaeus, 1758)",31/07/2013,2013,empty shell,7,1,6,exact,43.418889,-2.949444,100,Cliffs northwest of Gorliz,Gorliz,Vizcaya,,,Spain,ES,Ward Langeraert,HumanObservation,Y,,Ward Langeraert,Ward Langeraert,
8,,Megalomastomatidae,Obscurella bicostulata,Obscurella,bicostulata,,"Gofas, 1989",31/07/2013,2013,alive,1,0,1,exact,43.418889,-2.949444,25,Cliffs northwest of Gorliz,Gorliz,Vizcaya,,,Spain,ES,Ward Langeraert,HumanObservation,Y,,Ward Langeraert,Ward Langeraert,
9,,Pomatiidae,Pomatias elegans,Pomatias,elegans,,"(O. F. Müller, 1774)",31/07/2013,2013,empty shell,20,,,estimate,43.418889,-2.949444,100,Cliffs northwest of Gorliz,Gorliz,Vizcaya,,,Spain,ES,Ward Langeraert,HumanObservation,Y,,Ward Langeraert,Ward Langeraert,
10,,Ellobiidae,Leucophytia bidentata,Leucophytia,bidentata,,"(Montagu, 1808)",01/08/2013,2013,empty shell,1,0,1,exact,43.432081,-2.898946,25,Armintza playa,Lemoiz,Vizcaya,,,Spain,ES,Ward Langeraert,HumanObservation,Y,,Ward Langeraert,Ward Langeraert,found washed up between rocks
11,,Ellobiidae,Pseudomelampus exiguus,Pseudomelampus,exiguus,,"(R. T. Lowe, 1832)",01/08/2013,2013,empty shell,3,0,3,exact,43.432081,-2.898946,25,Armintza playa,Lemoiz,Vizcaya,,,Spain,ES,Ward Langeraert,HumanObservation,Y,,Ward Langeraert,Ward Langeraert,found washed up between rocks
12,,Geomitridae,Helicella itala pampelonensis,Helicella,itala,pampelonensis,"(A. Schmidt, 1856)",06/08/2013,2013,empty shell,20,,,estimate,43.064564,-2.793003,100,Gorbeiako Parke Naturala (between Pagomakurre-Kargaleku),Zeanuri,Vizcaya,,,Spain,ES,Ward Langeraert,HumanObservation,Y,,Ward Langeraert,Han Raven,
13,,Sphaeriidae,Euglesa cf. casertana,Euglesa,cf. casertana,,,06/08/2013,2013,empty shell,1,0,1,exact,43.078969,-2.791581,200,Gorbeiako Parke Naturala (Pagomakurre),Areatza,Vizcaya,,,Spain,ES,Ward Langeraert,HumanObservation,Y,,Ward Langeraert,Ward Langeraert,near Pagomakurre in little stream
14,,Pomatiidae,Pomatias elegans,Pomatias,elegans,,"(O. F. Müller, 1774)",08/08/2013,2013,empty shell,8,0,8,exact,43.444463,-2.783305,100,Ruta San Juan de Gaztelugatxe,Bermeo,Vizcaya,,,Spain,ES,Ward Langeraert,HumanObservation,Y,,Ward Langeraert,Ward Langeraert,in tiny bushes
15,,Pomatiidae,Pomatias elegans,Pomatias,elegans,,"(O. F. Müller, 1774)",10/08/2013,2013,empty shell,20,,,estimate,43.346206,-2.637003,100,Santimamiñe,Kortezubi,Vizcaya,,,Spain,ES,Ward Langeraert,HumanObservation,Y,,Ward Langeraert,Ward Langeraert,
16,,Helicidae,Cornu aspersum,Cornu,aspersum,,"(O. F. Müller, 1774)",10/08/2013,2013,empty shell,1,0,1,exact,43.346206,-2.637003,100,Santimamiñe,Kortezubi,Vizcaya,,,Spain,ES,Ward Langeraert,HumanObservation,Y,,Ward Langeraert,Ward Langeraert,
17,,Valloniidae,Vallonia costata,Vallonia,costata,,"(O. F. Müller, 1774)",10/08/2013,2013,empty shell,20,,,estimate,43.346206,-2.637003,100,Santimamiñe,Kortezubi,Vizcaya,,,Spain,ES,Ward Langeraert,HumanObservation,Y,,Ward Langeraert,Ward Langeraert,found at the bottom of fast flowing stream
18,,Clausiliidae,Clausilia bidentata,Clausilia,bidentata,,"(Strøm, 1765)",10/08/2013,2013,empty shell,20,,,estimate,43.346206,-2.637003,100,Santimamiñe,Kortezubi,Vizcaya,,,Spain,ES,Ward Langeraert,HumanObservation,Y,,Ward Langeraert,Ward Langeraert,found at the bottom of fast flowing stream
19,,Megalomastomatidae,Obscurella bicostulata,Obscurella,bicostulata,,"Gofas, 1989",10/08/2013,2013,empty shell,10,0,10,exact,43.346206,-2.637003,100,Santimamiñe,Kortezubi,Vizcaya,,,Spain,ES,Ward Langeraert,HumanObservation,Y,,Ward Langeraert,Ward Langeraert,found at the bottom of fast flowing stream
20,,Megalomastomatidae,Obscurella crassilabrum,Obscurella,crassilabrum,,"(Dupuy, 1849)",10/08/2013,2013,empty shell,1,0,1,exact,43.346206,-2.637003,100,Santimamiñe,Kortezubi,Vizcaya,,,Spain,ES,Ward Langeraert,HumanObservation,Y,,Ward Langeraert,Ward Langeraert,found at the bottom of fast flowing stream
21,,Testacellidae,Testacella maugei,Testacella,maugei,,"Férussac, 1819",10/08/2013,2013,empty shell,1,0,1,exact,43.346206,-2.637003,100,Santimamiñe,Kortezubi,Vizcaya,,,Spain,ES,Ward Langeraert,HumanObservation,Y,,Ward Langeraert,Ward Langeraert,found at the bottom of fast flowing stream
22,,Megalomastomatidae,Obscurella spec.,Obscurella,,,,10/08/2013,2013,empty shell,1,0,1,exact,43.346206,-2.637003,100,Santimamiñe,Kortezubi,Vizcaya,,,Spain,ES,Ward Langeraert,HumanObservation,Y,,Ward Langeraert,Ward Langeraert,found at the bottom of fast flowing stream; small dark shell with closely spaced white ribs
23,,Lymnaeidae,Galba truncatula,Galba,truncatula,,"(O. F. Müller, 1774)",10/08/2013,2013,empty shell,1,0,1,exact,43.346206,-2.637003,100,Santimamiñe,Kortezubi,Vizcaya,,,Spain,ES,Ward Langeraert,HumanObservation,Y,,Ward Langeraert,Ward Langeraert,found at the bottom of fast flowing stream
24,,Physidae,Physella acuta,Physella,acuta,,"(Draparnaud, 1805)",10/08/2013,2013,empty shell,20,,,estimate,43.346206,-2.637003,100,Santimamiñe,Kortezubi,Vizcaya,,,Spain,ES,Ward Langeraert,HumanObservation,Y,,Ward Langeraert,Ward Langeraert,found at the bottom of fast flowing stream
25,,Planorbidae,Ancylus fluviatilis,Ancylus,fluviatilis,,"O. F. Müller, 1774",10/08/2013,2013,empty shell,30,,,estimate,43.346206,-2.637003,100,Santimamiñe,Kortezubi,Vizcaya,,,Spain,ES,Ward Langeraert,HumanObservation,Y,,Ward Langeraert,Ward Langeraert,found at the bottom of fast flowing stream
26,,Tateidae,Potamopyrgus antipodarum,Potamopyrgus,antipodarum,,"(Gray, 1843)",10/08/2013,2013,empty shell,15,,,estimate,43.346206,-2.637003,100,Santimamiñe,Kortezubi,Vizcaya,,,Spain,ES,Ward Langeraert,HumanObservation,Y,,Ward Langeraert,Ward Langeraert,found at the bottom of fast flowing stream
27,,Sphaeriidae,Euglesa cf. casertana,Euglesa,cf. casertana,,,10/08/2013,2013,empty shell,7,3,4,exact,43.346206,-2.637003,100,Santimamiñe,Kortezubi,Vizcaya,,,Spain,ES,Ward Langeraert,HumanObservation,Y,,Ward Langeraert,Ward Langeraert,found at the bottom of fast flowing stream
28,,Chondrinidae,Chondrina cf. kobelti,Chondrina,cf. kobelti,,,20/07/2015,2015,empty shell,1,0,1,exact,43.428845,-4.769988,100,Cliffs between Llanes and Poó,Llanes,Asturias,,,Spain,ES,Ward Langeraert,HumanObservation,Y,,Ward Langeraert,Ward Langeraert,aperture strongly V-shaped; height about 6 mm
29,,Chondrinidae,Abida vasconica,Abida,vasconica,,"(Kobelt, 1882)",20/07/2015,2015,empty shell,1,0,1,exact,43.428845,-4.769988,100,Cliffs between Llanes and Poó,Llanes,Asturias,,,Spain,ES,Ward Langeraert,HumanObservation,Y,,Ward Langeraert,Ward Langeraert,
30,,Clausiliidae,Clausilia bidentata,Clausilia,bidentata,,"(Strøm, 1765)",20/07/2015,2015,empty shell,10,,,estimate,43.428845,-4.769988,100,Cliffs between Llanes and Poó,Llanes,Asturias,,,Spain,ES,Ward Langeraert,HumanObservation,Y,,Ward Langeraert,Ward Langeraert,
31,,Geomitridae,Cochlicella barbara,Cochlicella,barbara,,"(Linnaeus, 1758)",20/07/2015,2015,empty shell,20,,,estimate,43.428845,-4.769988,100,Cliffs between Llanes and Poó,Llanes,Asturias,,,Spain,ES,Ward Langeraert,HumanObservation,Y,,Ward Langeraert,Ward Langeraert,
32,,Lauriidae,Lauria cylindracea,Lauria,cylindracea,,"(Da Costa, 1778)",20/07/2015,2015,empty shell,12,3,9,exact,43.428845,-4.769988,100,Cliffs between Llanes and Poó,Llanes,Asturias,,,Spain,ES,Ward Langeraert,HumanObservation,Y,,Ward Langeraert,Ward Langeraert,
33,,Pupillidae,Pupilla bigranata,Pupilla,bigranata,,"(Rossmässler, 1839)",20/07/2015,2015,empty shell,1,0,1,exact,43.428845,-4.769988,100,Cliffs between Llanes and Poó,Llanes,Asturias,,,Spain,ES,Ward Langeraert,HumanObservation,Y,,Ward Langeraert,Ward Langeraert,palatal tooth subtle and no columelar tooth
34,,Cochlicopidae,Cochlicopa lubrica,Cochlicopa,lubrica,,"(O. F. Müller, 1774)",20/07/2015,2015,empty shell,1,0,1,exact,43.428845,-4.769988,100,Cliffs between Llanes and Poó,Llanes,Asturias,,,Spain,ES,Ward Langeraert,HumanObservation,Y,,Ward Langeraert,Ward Langeraert,
35,,Cochlicopidae,Cochlicopa lubricella,Cochlicopa,lubricella,,"(Porro, 1838)",20/07/2015,2015,empty shell,15,,,estimate,43.428845,-4.769988,100,Cliffs between Llanes and Poó,Llanes,Asturias,,,Spain,ES,Ward Langeraert,HumanObservation,Y,,Ward Langeraert,Ward Langeraert,
36,,Geomitridae,Helicella itala itala,Helicella,itala,itala,"(Linnaeus, 1758)",20/07/2015,2015,empty shell,10,,,estimate,43.428845,-4.769988,100,Cliffs between Llanes and Poó,Llanes,Asturias,,,Spain,ES,Ward Langeraert,HumanObservation,Y,,Ward Langeraert,Ward Langeraert,
37,,Geomitridae,Helicella aff. nubigena,Helicella,aff. nubigena,,,20/07/2015,2015,empty shell,10,,,estimate,43.428845,-4.769988,100,Cliffs between Llanes and Poó,Llanes,Asturias,,,Spain,ES,Ward Langeraert,HumanObservation,Y,,Ward Langeraert,Ward Langeraert,smaller than H. itala itala and somewhat more raised; H. nubigena is known form high altitudes
38,,Megalomastomatidae,Obscurella bicostulata,Obscurella,bicostulata,,"Gofas, 1989",20/07/2015,2015,empty shell,3,0,3,exact,43.428845,-4.769988,100,Cliffs between Llanes and Poó,Llanes,Asturias,,,Spain,ES,Ward Langeraert,HumanObservation,Y,,Ward Langeraert,Ward Langeraert,
39,,Megalomastomatidae,Obscurella spec.,Obscurella,,,,20/07/2015,2015,empty shell,10,,,estimate,43.428845,-4.769988,100,Cliffs between Llanes and Poó,Llanes,Asturias,,,Spain,ES,Ward Langeraert,HumanObservation,Y,,Ward Langeraert,Ward Langeraert,"old shells, hard to make out which species"
40,,Elonidae,Elona quimperiana,Elona,quimperiana,,"(Blainville, 1821)",20/07/2015,2015,empty shell,1,0,1,exact,43.427819,-4.78488,100,Near Playa de Poó next to Ría de Poó ,Llanes,Asturias,,,Spain,ES,Ward Langeraert,HumanObservation,Y,,Ward Langeraert,Ward Langeraert,
41,,Trissexodontidae,Oestophorella buvinieri,Oestophorella,buvinieri,,"(Michaud, 1841)",20/07/2015,2015,empty shell,1,0,1,exact,43.427819,-4.78488,100,Near Playa de Poó next to Ría de Poó ,Llanes,Asturias,,,Spain,ES,Ward Langeraert,HumanObservation,Y,,Ward Langeraert,Ward Langeraert,
42,,Elonidae,Elona quimperiana,Elona,quimperiana,,"(Blainville, 1821)",21/07/2015,2015,empty shell,1,0,1,exact,43.410164,-4.764458,200,Next to railway close to Reguera Carrocedo (S of Pancar),Llanes,Asturias,,,Spain,ES,Ward Langeraert,HumanObservation,Y,,Ward Langeraert,Ward Langeraert,
43,,Trissexodontidae,Oestophorella buvinieri,Oestophorella,buvinieri,,"(Michaud, 1841)",21/07/2015,2015,empty shell,2,0,2,exact,43.410164,-4.764458,200,Next to railway close to Reguera Carrocedo (S of Pancar),Llanes,Asturias,,,Spain,ES,Ward Langeraert,HumanObservation,Y,,Ward Langeraert,Ward Langeraert,
44,,Planorbidae,Ancylus fluviatilis,Ancylus,fluviatilis,,"O. F. Müller, 1774",22/07/2015,2015,empty shell,7,0,7,exact,43.268488,-4.982318,50,Lago de la Ercina (Lagos de Covadonga),Cangas de Onís,Asturias,,,Spain,ES,Ward Langeraert,HumanObservation,Y,,Ward Langeraert,Ward Langeraert,
45,,Clausiliidae,Clausilia bidentata,Clausilia,bidentata,,"(Strøm, 1765)",22/07/2015,2015,empty shell,1,0,1,exact,43.267192,-4.989424,500,Around Pico Mosquital between Lago de la Ercina and Lago de Enol (Lagos de Covadonga),Cangas de Onís,Asturias,,,Spain,ES,Ward Langeraert,HumanObservation,Y,,Ward Langeraert,Ward Langeraert,
46,,Chondrinidae,Abida vasconica,Abida,vasconica,,"(Kobelt, 1882)",22/07/2015,2015,empty shell,2,0,2,exact,43.267192,-4.989424,500,Around Pico Mosquital between Lago de la Ercina and Lago de Enol (Lagos de Covadonga),Cangas de Onís,Asturias,,,Spain,ES,Ward Langeraert,HumanObservation,Y,,Ward Langeraert,Ward Langeraert,
47,,Megalomastomatidae,Obscurella asturica,Obscurella,asturica,,"(Raven, 1990)",22/07/2015,2015,empty shell,5,0,5,exact,43.267192,-4.989424,500,Around Pico Mosquital between Lago de la Ercina and Lago de Enol (Lagos de Covadonga),Cangas de Onís,Asturias,,,Spain,ES,Ward Langeraert,HumanObservation,Y,,Ward Langeraert,Ward Langeraert,deep suture  and sharp ribs
48,,Megalomastomatidae,Obscurella hidalgoi,Obscurella,hidalgoi,,"(Crosse, 1864)",22/07/2015,2015,empty shell,4,0,4,exact,43.267192,-4.989424,500,Around Pico Mosquital between Lago de la Ercina and Lago de Enol (Lagos de Covadonga),Cangas de Onís,Asturias,,,Spain,ES,Ward Langeraert,HumanObservation,Y,,Ward Langeraert,Ward Langeraert,shallow suture and weak ribs
49,,Hygromiidae,Mengoana jeschaui,Mengoana,jeschaui,,"(Kobelt, 1878)",23/07/2015,2015,empty shell,14,4,10,exact,43.420621,-4.749945,50,Puerto de Llanes,Llanes,Asturias,,,Spain,ES,Ward Langeraert,HumanObservation,Y,,Ward Langeraert,Ward Langeraert,on rocks
50,,Chondrinidae,Chondrina cf. kobelti,Chondrina,cf. kobelti,,,25/07/2015,2015,empty shell,4,1,3,exact,43.46092,-4.92928,100,Ermita de San Antonio (N of Picones),Llanes,Asturias,,,Spain,ES,Ward Langeraert,HumanObservation,Y,,Ward Langeraert,Ward Langeraert,rel. small and V-shaped peristome
51,,Azecidae,Azeca goodalli,Azeca,goodalli,,"(A. Férussac, 1821)",25/07/2015,2015,empty shell,11,0,11,exact,43.46092,-4.92928,100,Ermita de San Antonio (N of Picones),Llanes,Asturias,,,Spain,ES,Ward Langeraert,HumanObservation,Y,,Ward Langeraert,Ward Langeraert,
52,,Chondrinidae,Abida vasconica,Abida,vasconica,,"(Kobelt, 1882)",25/07/2015,2015,empty shell,7,0,7,exact,43.46092,-4.92928,100,Ermita de San Antonio (N of Picones),Llanes,Asturias,,,Spain,ES,Ward Langeraert,HumanObservation,Y,,Ward Langeraert,Ward Langeraert,
53,,Ferussaciidae,Cecilioides acicula,Cecilioides,acicula,,"(O. F. Müller, 1774)",25/07/2015,2015,empty shell,1,0,1,exact,43.46092,-4.92928,100,Ermita de San Antonio (N of Picones),Llanes,Asturias,,,Spain,ES,Ward Langeraert,HumanObservation,Y,,Ward Langeraert,Ward Langeraert,
54,,Cochlicopidae,Cochlicopa lubricella,Cochlicopa,lubricella,,"(Porro, 1838)",25/07/2015,2015,empty shell,10,0,10,exact,43.455139,-4.937667,50,Playa de Cuevas del Mar (NW of Picones),Llanes,Asturias,,,Spain,ES,Ward Langeraert,HumanObservation,Y,,Ward Langeraert,Ward Langeraert,
55,,Gastrodontidae,Aegopinella nitidula,Aegopinella,nitidula,,"(Draparnaud, 1805)",25/07/2015,2015,empty shell,1,0,1,exact,43.455139,-4.937667,50,Playa de Cuevas del Mar (NW of Picones),Llanes,Asturias,,,Spain,ES,Ward Langeraert,HumanObservation,Y,,Ward Langeraert,Ward Langeraert,
56,,Pristilomatidae,Vitrea contracta,Vitrea,contracta,,"(Westerlund, 1871)",25/07/2015,2015,empty shell,8,4,4,exact,43.455139,-4.937667,50,Playa de Cuevas del Mar (NW of Picones),Llanes,Asturias,,,Spain,ES,Ward Langeraert,HumanObservation,Y,,Ward Langeraert,Ward Langeraert,
57,,Geomitridae,Cochlicella barbara,Cochlicella,barbara,,"(Linnaeus, 1758)",28/07/2015,2015,empty shell,20,,,estimate,43.311635,-4.838705,25,Mirador del Naranjo de Bulnes,Cabrales,Asturias,,,Spain,ES,Ward Langeraert,HumanObservation,Y,,Ward Langeraert,Ward Langeraert,
58,,Hygromiidae,Mengoana jeschaui,Mengoana,jeschaui,,"(Kobelt, 1878)",28/07/2015,2015,empty shell,6,6,0,exact,43.249127,-4.834022,200,Valley of Río Tejo (NW of Bulnes),Cabrales,Asturias,,,Spain,ES,Ward Langeraert,HumanObservation,Y,,Ward Langeraert,Ward Langeraert,only subadult shells
59,,Hygromiidae,Pyrenaearia cantabrica,Pyrenaearia,cantabrica,,"(Hidalgo, 1873)",28/07/2015,2015,empty shell,9,3,6,exact,43.249127,-4.834022,200,Valley of Río Tejo (NW of Bulnes),Cabrales,Asturias,,,Spain,ES,Ward Langeraert,HumanObservation,Y,,Ward Langeraert,Ward Langeraert,
60,,Elonidae,Elona quimperiana,Elona,quimperiana,,"(Blainville, 1821)",30/07/2015,2015,empty shell,,,,,43.406547,-4.765992,25,Next to railway close to Reguera Carrocedo (S of Pancar),Llanes,Asturias,,,Spain,ES,Ward Langeraert,HumanObservation,Y,,Ward Langeraert,Ward Langeraert,
61,,Trissexodontidae,Oestophorella buvinieri,Oestophorella,buvinieri,,"(Michaud, 1841)",30/07/2015,2015,empty shell,,,,,43.406547,-4.765992,25,Next to railway close to Reguera Carrocedo (S of Pancar),Llanes,Asturias,,,Spain,ES,Ward Langeraert,HumanObservation,Y,,Ward Langeraert,Ward Langeraert,
62,,Hygromiidae,Mengoana jeschaui,Mengoana,jeschaui,,"(Kobelt, 1878)",30/07/2015,2015,empty shell,,,,,43.406547,-4.765992,25,Next to railway close to Reguera Carrocedo (S of Pancar),Llanes,Asturias,,,Spain,ES,Ward Langeraert,HumanObservation,Y,,Ward Langeraert,Ward Langeraert,
63,,Testacellidae,Testacella maugei,Testacella,maugei,,"Férussac, 1819",30/07/2015,2015,empty shell,1,0,1,exact,43.406331,-4.762229,200,South of Pancar,Llanes,Asturias,,,Spain,ES,Ward Langeraert,HumanObservation,Y,,Ward Langeraert,Ward Langeraert,
64,,Hygromiidae,Mengoana jeschaui,Mengoana,jeschaui,,"(Kobelt, 1878)",30/07/2015,2015,empty shell,,,,,43.399888,-4.761092,50,Between La Pareda and Soberron,Llanes,Asturias,,,Spain,ES,Ward Langeraert,HumanObservation,Y,,Ward Langeraert,Ward Langeraert,
65,,Trissexodontidae,Oestophora cf. silvae,Oestophora,cf. silvae,,,30/07/2015,2015,empty shell,2,2,0,exact,43.399888,-4.761092,50,Between La Pareda and Soberron,Llanes,Asturias,,,Spain,ES,Ward Langeraert,HumanObservation,Y,,Ward Langeraert,Ward Langeraert,"only two old, subadult shells"
66,,Elonidae,Elona quimperiana,Elona,quimperiana,,"(Blainville, 1821)",30/07/2015,2015,empty shell,,,,,43.399888,-4.761092,50,Between La Pareda and Soberron,Llanes,Asturias,,,Spain,ES,Ward Langeraert,HumanObservation,Y,,Ward Langeraert,Ward Langeraert,
67,,Trissexodontidae,Oestophorella buvinieri,Oestophorella,buvinieri,,"(Michaud, 1841)",30/07/2015,2015,empty shell,,,,,43.399888,-4.761092,50,Between La Pareda and Soberron,Llanes,Asturias,,,Spain,ES,Ward Langeraert,HumanObservation,Y,,Ward Langeraert,Ward Langeraert,
68,,Hydrobiidae,Alzoniella spec.,Alzoniella,,,,30/07/2015,2015,empty shell,1,0,1,exact,43.403603,-4.700519,100,Río de Purón (near Puente Rio Puron),Llanes,Asturias,,,Spain,ES,Ward Langeraert,HumanObservation,Y,,Ward Langeraert,Ward Langeraert,"based on shell dimensions, figures and maps shown in Arconada et al. (2007) perhaps A. cantabrica (Boeters, 1983) or A. pellitica Arconada, Rolán & Boeters, 2007"
69,,Neritidae,Theodoxus fluviatilis,Theodoxus,fluviatilis,,"(Linnaeus, 1758)",30/07/2015,2015,empty shell,10,1,9,exact,43.403603,-4.700519,100,Río de Purón (near Puente Rio Puron),Llanes,Asturias,,,Spain,ES,Ward Langeraert,HumanObservation,Y,,Ward Langeraert,Ward Langeraert,
70,,Tateidae,Potamopyrgus antipodarum,Potamopyrgus,antipodarum,,"(Gray, 1843)",30/07/2015,2015,empty shell,1,0,1,exact,43.403603,-4.700519,100,Río de Purón (near Puente Rio Puron),Llanes,Asturias,,,Spain,ES,Ward Langeraert,HumanObservation,Y,,Ward Langeraert,Ward Langeraert,f. carinata
71,,Planorbidae,Ancylus fluviatilis,Ancylus,fluviatilis,,"O. F. Müller, 1774",30/07/2015,2015,empty shell,30,,,estimate,43.403603,-4.700519,100,Río de Purón (near Puente Rio Puron),Llanes,Asturias,,,Spain,ES,Ward Langeraert,HumanObservation,Y,,Ward Langeraert,Ward Langeraert,
72,,Helicidae,Theba pisana,Theba,pisana,,"(O. F. Müller, 1774)",09/09/2019,2019,alive,10,,,estimate,43.46482086,-3.780885458,25,Santander (beside Playa de los Peligros),Santander,Cantabria,,,Spain,ES,Ward Langeraert,HumanObservation,N,,,Ward Langeraert,
73,,Helicidae,Theba pisana,Theba,pisana,,"(O. F. Müller, 1774)",10/09/2019,2019,alive,2,0,2,exact,43.46482086,-3.780885458,25,Santander (beside Playa de los Peligros),Santander,Cantabria,,,Spain,ES,Ward Langeraert,HumanObservation,Y,1,Ward Langeraert,Ward Langeraert,
74,,Helicidae,Cepaea nemoralis,Cepaea,nemoralis,,"(Linnaeus, 1758)",09/09/2019,2019,empty shell,1,0,1,exact,43.46482086,-3.780885458,25,Santander (beside Playa de los Peligros),Santander,Cantabria,,,Spain,ES,Ward Langeraert,HumanObservation,N,,,Ward Langeraert,
75,,Pomatiidae,Pomatias elegans,Pomatias,elegans,,"(O. F. Müller, 1774)",09/09/2019,2019,alive,5,,,estimate,43.46482086,-3.780885458,25,Santander (beside Playa de los Peligros),Santander,Cantabria,,,Spain,ES,Ward Langeraert,HumanObservation,N,,,Ward Langeraert,
76,,Helicidae,Cornu aspersum,Cornu,aspersum,,"(O. F. Müller, 1774)",09/09/2019,2019,empty shell,1,0,1,exact,43.46482086,-3.780885458,25,Santander (beside Playa de los Peligros),Santander,Cantabria,,,Spain,ES,Ward Langeraert,HumanObservation,N,,,Ward Langeraert,
77,,Hygromiidae,Hygromia limbata,Hygromia,limbata,,"(Draparnaud, 1805)",09/09/2019,2019,empty shell,12,2,10,exact,43.46482086,-3.780885458,25,Santander (beside Playa de los Peligros),Santander,Cantabria,,,Spain,ES,Ward Langeraert,HumanObservation,Y,1,Ward Langeraert,Ward Langeraert,
78,,Arionidae,Arion rufus/vulgaris,Arion,rufus/vulgaris,,"(Linnaeus, 1758)/Moquin-Tandon, 1855",09/09/2019,2019,alive,2,0,2,exact,43.14308365,-4.8128192,25,Fuente Dé,Camaleño,Cantabria,,,Spain,ES,Ward Langeraert,HumanObservation,N,,,Ward Langeraert,large black Arion
79,,Arionidae,Arion spec. 1,Arion,,,,10/09/2019,2019,alive,1,0,1,exact,43.1429628,-4.81798822,25,Fuente Dé,Camaleño,Cantabria,,,Spain,ES,Ward Langeraert,HumanObservation,N,,,Ward Langeraert,large blue-grey Arion
80,,Hygromiidae,Mengoana jeschaui,Mengoana,jeschaui,,"(Kobelt, 1878)",10/09/2019,2019,onbekend,1,0,1,exact,43.14199066,-4.812840462,25,Fuente Dé,Camaleño,Cantabria,,,Spain,ES,Ward Langeraert,HumanObservation,N,,,Ward Langeraert,
81,,Trissexodontidae,Oestophorella buvinieri,Oestophorella,buvinieri,,"(Michaud, 1841)",10/09/2019,2019,onbekend,1,0,1,exact,43.14312363,-4.812231064,25,Fuente Dé,Camaleño,Cantabria,,,Spain,ES,Ward Langeraert,HumanObservation,N,,,Ward Langeraert,
82,,Gastrodontidae,Aegopinella nitidula,Aegopinella,nitidula,,"(Draparnaud, 1805)",10/09/2019,2019,onbekend,1,0,1,exact,43.14432144,-4.809671879,25,Fuente Dé,Camaleño,Cantabria,,,Spain,ES,Ward Langeraert,HumanObservation,N,,,Ward Langeraert,
83,,Agriolimacidae,Deroceras spec.,Deroceras,,,,10/09/2019,2019,alive,1,,,exact,43.1429628,-4.81798822,25,Fuente Dé,Camaleño,Cantabria,,,Spain,ES,Ward Langeraert,HumanObservation,N,,,Ward Langeraert,"small, white slug"
84,,Tateidae,Potamopyrgus antipodarum,Potamopyrgus,antipodarum,,"(Gray, 1843)",11/09/2019,2019,onbekend,1,0,1,exact,43.14380264,-4.809669971,25,Fuente Dé (Fuente Deva),Camaleño,Cantabria,,,Spain,ES,Ward Langeraert,HumanObservation,N,,,Ward Langeraert,
85,,Clausiliidae,Clausilia bidentata,Clausilia,bidentata,,"(Strøm, 1765)",11/09/2019,2019,alive,1,0,1,exact,43.14093018,-4.81176281,25,Fuente Dé,Camaleño,Cantabria,,,Spain,ES,Ward Langeraert,HumanObservation,N,,,Ward Langeraert,
86,,Hygromiidae,Mengoana jeschaui,Mengoana,jeschaui,,"(Kobelt, 1878)",11/09/2019,2019,empty shell,1,0,1,exact,43.13784027,-4.815938473,25,Southwest of Fuente Dé,Camaleño,Cantabria,,,Spain,ES,Ward Langeraert,HumanObservation,N,,,Ward Langeraert,
87,,Megalomastomatidae,Obscurella asturica/hidalgoi,Obscurella,asturica/hidalgoi,,"(Raven, 1990)/(Crosse, 1864)",11/09/2019,2019,alive,2,0,2,exact,43.13784027,-4.815947056,25,Southwest of Fuente Dé,Camaleño,Cantabria,,,Spain,ES,Ward Langeraert,HumanObservation,N,,,Ward Langeraert,shells much more variable in this locality; lighter shell colour and sharp ribs
88,,Trissexodontidae,Oestophorella buvinieri,Oestophorella,buvinieri,,"(Michaud, 1841)",11/09/2019,2019,alive,1,0,1,exact,43.13539505,-4.815793514,25,Southwest of Fuente Dé,Camaleño,Cantabria,,,Spain,ES,Ward Langeraert,HumanObservation,N,,,Ward Langeraert,
89,,Trissexodontidae,Oestophorella buvinieri,Oestophorella,buvinieri,,"(Michaud, 1841)",11/09/2019,2019,empty shell,1,0,1,exact,43.13381958,-4.816576481,25,Southwest of Fuente Dé,Camaleño,Cantabria,,,Spain,ES,Ward Langeraert,HumanObservation,Y,2,Ward Langeraert,Ward Langeraert,
90,,Geomitridae,Helicella valdeona,Helicella,valdeona,,"E. Gittenberger & Manga, 1977",11/09/2019,2019,empty shell,5,1,4,exact,43.1335144,-4.817094803,25,Southwest of Fuente Dé,Camaleño,Cantabria,,,Spain,ES,Ward Langeraert,HumanObservation,Y,2,Ward Langeraert,Ward Langeraert,
91,,Clausiliidae,Clausilia bidentata,Clausilia,bidentata,,"(Strøm, 1765)",11/09/2019,2019,empty shell,1,0,1,exact,43.13354111,-4.81724453,25,Southwest of Fuente Dé,Camaleño,Cantabria,,,Spain,ES,Ward Langeraert,HumanObservation,N,,,Ward Langeraert,
92,,Megalomastomatidae,Obscurella asturica/hidalgoi,Obscurella,asturica/hidalgoi,,"(Raven, 1990)/(Crosse, 1864)",11/09/2019,2019,empty shell,1,0,1,exact,43.13354111,-4.817251205,25,Southwest of Fuente Dé,Camaleño,Cantabria,,,Spain,ES,Ward Langeraert,HumanObservation,Y,2,Ward Langeraert,Ward Langeraert,shells much more variable in this locality; lighter shell colour and sharp ribs
93,,Arionidae,Arion rufus/vulgaris,Arion,rufus/vulgaris,,"(Linnaeus, 1758)/Moquin-Tandon, 1856",11/09/2019,2019,alive,1,0,1,exact,43.13353333,-4.816563889,25,Southwest of Fuente Dé,Camaleño,Cantabria,,,Spain,ES,Ward Langeraert,HumanObservation,N,,,Ward Langeraert,large black Arion
94,,Valloniidae,Vallonia pulchella,Vallonia,pulchella,,"(O. F. Müller, 1774)",11/09/2019,2019,empty shell,1,0,1,exact,43.13351059,-4.817623138,25,Southwest of Fuente Dé,Camaleño,Cantabria,,,Spain,ES,Ward Langeraert,HumanObservation,Y,2,Ward Langeraert,Ward Langeraert,
95,,Pupillidae,Pupilla bigranata,Pupilla,bigranata,,"(Rossmässler, 1839)",11/09/2019,2019,empty shell,2,0,2,exact,43.13350296,-4.81756592,25,Southwest of Fuente Dé,Camaleño,Cantabria,,,Spain,ES,Ward Langeraert,HumanObservation,Y,2,Ward Langeraert,Ward Langeraert,
96,,Truncatellinidae,Truncatellina callicratis,Truncatellina,callicratis,,"(Scacchi, 1833)",11/09/2019,2019,empty shell,1,0,1,exact,43.13350296,-4.81756592,25,Southwest of Fuente Dé,Camaleño,Cantabria,,,Spain,ES,Ward Langeraert,HumanObservation,Y,2,Ward Langeraert,Ward Langeraert,var. without teeth
97,,Pristilomatidae,Vitrea contracta,Vitrea,contracta,,"(Westerlund, 1871)",11/09/2019,2019,empty shell,1,0,1,exact,43.13351059,-4.81762314,25,Southwest of Fuente Dé,Camaleño,Cantabria,,,Spain,ES,Ward Langeraert,HumanObservation,Y,2,Ward Langeraert,Ward Langeraert,
98,,Megalomastomatidae,Obscurella asturica/hidalgoi,Obscurella,asturica/hidalgoi,,"(Raven, 1990)/(Crosse, 1864)",11/09/2019,2019,empty shell,11,0,11,exact,43.13386154,-4.8247118,25,Southwest of Fuente Dé,Camaleño,Cantabria,,,Spain,ES,Ward Langeraert,HumanObservation,Y,3,Ward Langeraert,Ward Langeraert,shells much more variable in this locality; lighter shell colour and sharp ribs
99,,Geomitridae,Helicella valdeona,Helicella,valdeona,,"E. Gittenberger & Manga, 1978",11/09/2019,2019,empty shell,9,2,7,exact,43.13359833,-4.825773716,25,Southwest of Fuente Dé,Camaleño,Cantabria,,,Spain,ES,Ward Langeraert,HumanObservation,Y,3,Ward Langeraert,Ward Langeraert,
100,,Hygromiidae,Mengoana jeschaui,Mengoana,jeschaui,,"(Kobelt, 1878)",11/09/2019,2019,empty shell,4,1,3,exact,43.13467407,-4.829267502,25,Southwest of Fuente Dé,Camaleño,Cantabria,,,Spain,ES,Ward Langeraert,HumanObservation,Y,3,Ward Langeraert,Ward Langeraert,
101,,Enidae,Merdigera obscura,Merdigera,obscura,,"(O. F. Müller, 1774)",11/09/2019,2019,empty shell,1,0,1,exact,43.13476181,-4.829024315,25,Southwest of Fuente Dé,Camaleño,Cantabria,,,Spain,ES,Ward Langeraert,HumanObservation,Y,3,Ward Langeraert,Ward Langeraert,
102,,Trissexodontidae,Oestophorella buvinieri,Oestophorella,buvinieri,,"(Michaud, 1841)",11/09/2019,2019,empty shell,2,0,2,exact,43.13554382,-4.828614712,25,Southwest of Fuente Dé,Camaleño,Cantabria,,,Spain,ES,Ward Langeraert,HumanObservation,Y,3,Ward Langeraert,Ward Langeraert,
103,,Chondrinidae,Abida vasconica,Abida,vasconica,,"(Kobelt, 1882)",12/09/2019,2019,empty shell,4,0,4,exact,43.15394592,-4.805939674,25,Picos de Europa (El Portal de Picos - Fuente Dé),Camaleño,Cantabria,,,Spain,ES,Ward Langeraert,HumanObservation,Y,4,Ward Langeraert,Ward Langeraert,
104,,Hygromiidae,Pyrenaearia schaufussi,Pyrenaearia,schaufussi,,"(Kobelt, 1876)",12/09/2019,2019,alive,1,0,1,exact,43.15433121,-4.805763721,25,Picos de Europa (El Portal de Picos - Fuente Dé),Camaleño,Cantabria,,,Spain,ES,Ward Langeraert,HumanObservation,N,,,Han Raven,"see Alonso et al., 2019"
105,,Pupillidae,Pupilla bigranata,Pupilla,bigranata,,"(Rossmässler, 1839)",12/09/2019,2019,empty shell,2,0,2,exact,43.15464783,-4.805327892,25,Picos de Europa (El Portal de Picos - Fuente Dé),Camaleño,Cantabria,,,Spain,ES,Ward Langeraert,HumanObservation,Y,4,Ward Langeraert,Ward Langeraert,
106,,Pristilomatidae,Vitrea subrimata,Vitrea,subrimata,,"(Reinhardt, 1871)",12/09/2019,2019,empty shell,5,2,3,exact,43.15466309,-4.805305004,25,Picos de Europa (El Portal de Picos - Fuente Dé),Camaleño,Cantabria,,,Spain,ES,Ward Langeraert,HumanObservation,Y,4,Ward Langeraert,Ward Langeraert,"closed umbilicus, determination based on Cadevall and Orozco (2016)"
107,,Pristilomatidae,Vitrea spec.,Vitrea,,,,12/09/2019,2019,empty shell,1,0,1,exact,43.15466309,-4.805305004,25,Picos de Europa (El Portal de Picos - Fuente Dé),Camaleño,Cantabria,,,Spain,ES,Ward Langeraert,HumanObservation,Y,4,Ward Langeraert,Ward Langeraert,"open umbilicus, but seems to big for V. contracta (more like V. crystallina??)"
108,,Lauriidae,Lauria cylindracea,Lauria,cylindracea,,"(Da Costa, 1778)",12/09/2019,2019,empty shell,1,0,1,exact,43.15464401,-4.805310249,25,Picos de Europa (El Portal de Picos - Fuente Dé),Camaleño,Cantabria,,,Spain,ES,Ward Langeraert,HumanObservation,Y,4,Ward Langeraert,Ward Langeraert,
109,,Vitrinidae,Vitrina pellucida,Vitrina,pellucida,,"(O. F. Müller, 1774)",12/09/2019,2019,alive,1,0,1,exact,43.15491104,-4.80550194,25,Picos de Europa (El Portal de Picos - Fuente Dé),Camaleño,Cantabria,,,Spain,ES,Ward Langeraert,HumanObservation,N,,,Ward Langeraert,
110,,Geomitridae,Helicella valdeona,Helicella,valdeona,,"E. Gittenberger & Manga, 1979",12/09/2019,2019,empty shell,5,4,1,exact,43.15491104,-4.805501938,25,Picos de Europa (El Portal de Picos - Fuente Dé),Camaleño,Cantabria,,,Spain,ES,Ward Langeraert,HumanObservation,Y,4,Ward Langeraert,Ward Langeraert,
111,,Megalomastomatidae,Obscurella asturica,Obscurella,asturica,,"(Raven, 1990)",12/09/2019,2019,empty shell,39,19,20,exact,43.155056,-4.805783272,25,Picos de Europa (El Portal de Picos - Fuente Dé),Camaleño,Cantabria,,,Spain,ES,Ward Langeraert,HumanObservation,Y,4,Ward Langeraert,Ward Langeraert,dark shells with sharp ribs and deeper suture
112,,Hygromiidae,Pyrenaearia schaufussi,Pyrenaearia,schaufussi,,"(Kobelt, 1876)",12/09/2019,2019,empty shell,6,1,5,exact,43.155056,-4.805783272,25,Picos de Europa (El Portal de Picos - Fuente Dé),Camaleño,Cantabria,,,Spain,ES,Ward Langeraert,HumanObservation,Y,4,Ward Langeraert,Han Raven,"see Alonso et al., 2019"
113,,Geomitridae,Plentuisa vendia,Plentuisa,vendia,,"Puente & Prieto, 1992",12/09/2019,2019,empty shell,16,8,8,exact,43.155056,-4.805783272,25,Picos de Europa (El Portal de Picos - Fuente Dé),Camaleño,Cantabria,,,Spain,ES,Ward Langeraert,HumanObservation,Y,4,Ward Langeraert,Ward Langeraert,
114,,Punctidae,Paralaoma servile,Paralaoma,servile,,"(Shuttleworth, 1852)",12/09/2019,2019,empty shell,7,5,2,exact,43.155056,-4.805783272,25,Picos de Europa (El Portal de Picos - Fuente Dé),Camaleño,Cantabria,,,Spain,ES,Ward Langeraert,HumanObservation,Y,4,Ward Langeraert,Ward Langeraert,
115,,Pyramidulidae,Pyramidula pusilla/umbilicata,Pyramidula,pusilla/umbilicata,,"(Vallot, 1801)/(Montagu, 1803)",12/09/2019,2019,empty shell,7,5,2,exact,43.155056,-4.805783272,25,Picos de Europa (El Portal de Picos - Fuente Dé),Camaleño,Cantabria,,,Spain,ES,Ward Langeraert,HumanObservation,Y,4,Ward Langeraert,Ward Langeraert,"shells don't seem te be at optimal size;  shells flat, but umbilicus not extremely large"
116,,Arionidae,Arion spec. 1,Arion,,,,12/09/2019,2019,empty shell,1,0,1,exact,43.15525833,-4.805908333,25,Picos de Europa (El Portal de Picos - Fuente Dé),Camaleño,Cantabria,,,Spain,ES,Ward Langeraert,HumanObservation,N,,,Ward Langeraert,large blue-grey Arion
117,,Megalomastomatidae,Obscurella asturica,Obscurella,asturica,,"(Raven, 1990)",12/09/2019,2019,empty shell,9,0,9,exact,43.15817642,-4.808563709,25,Picos de Europa (El Portal de Picos - Fuente Dé),Camaleño,Cantabria,,,Spain,ES,Ward Langeraert,HumanObservation,Y,5,Ward Langeraert,Ward Langeraert,dark shells with sharp ribs and deeper suture
118,,Pristilomatidae,Vitrea subrimata,Vitrea,subrimata,,"(Reinhardt, 1871)",12/09/2019,2019,empty shell,3,0,3,exact,43.15817642,-4.808563709,25,Picos de Europa (El Portal de Picos - Fuente Dé),Camaleño,Cantabria,,,Spain,ES,Ward Langeraert,HumanObservation,Y,5,Ward Langeraert,Ward Langeraert,"closed umbilicus, determination based on Cadevall and Orozco (2016)"
119,,Punctidae,Paralaoma servile,Paralaoma,servile,,"(Shuttleworth, 1852)",12/09/2019,2019,empty shell,1,0,1,exact,43.15817642,-4.808563709,25,Picos de Europa (El Portal de Picos - Fuente Dé),Camaleño,Cantabria,,,Spain,ES,Ward Langeraert,HumanObservation,Y,5,Ward Langeraert,Ward Langeraert,
120,,Geomitridae,Helicella valdeona,Helicella,valdeona,,"E. Gittenberger & Manga, 1980",12/09/2019,2019,empty shell,1,0,1,exact,43.15817642,-4.808563709,25,Picos de Europa (El Portal de Picos - Fuente Dé),Camaleño,Cantabria,,,Spain,ES,Ward Langeraert,HumanObservation,Y,5,Ward Langeraert,Ward Langeraert,
121,,Arionidae,Arion spec. 1,Arion,,,,12/09/2019,2019,empty shell,1,0,1,exact,43.15815,-4.808619444,25,Picos de Europa (El Portal de Picos - Fuente Dé),Camaleño,Cantabria,,,Spain,ES,Ward Langeraert,HumanObservation,N,,,Ward Langeraert,large blue-grey Arion
122,,Chondrinidae,Chondrina cliedentata,Chondrina,cliedentata,,"E. Gittenberger, 1973",12/09/2019,2019,alive,1,0,1,exact,43.16064072,-4.805725098,25,Picos de Europa (El Portal de Picos - Fuente Dé),Camaleño,Cantabria,,,Spain,ES,Ward Langeraert,HumanObservation,Y,5,Ward Langeraert,Ward Langeraert,
123,,Vitrinidae,Oligolimax annularis,Oligolimax,annularis,,"(S. Studer, 1820)",12/09/2019,2019,empty shell,1,0,1,exact,43.16200256,-4.797455311,25,Picos de Europa (El Portal de Picos - Fuente Dé),Camaleño,Cantabria,,,Spain,ES,Ward Langeraert,HumanObservation,Y,5,Ward Langeraert,Ward Langeraert,
124,,Geomitridae,Helicella valdeona,Helicella,valdeona,,"E. Gittenberger & Manga, 1981",12/09/2019,2019,alive,1,0,1,exact,43.16203889,-4.79698611,25,Picos de Europa (El Portal de Picos - Fuente Dé),Camaleño,Cantabria,,,Spain,ES,Ward Langeraert,HumanObservation,N,,,Ward Langeraert,
125,,Trissexodontidae,Oestophorella buvinieri,Oestophorella,buvinieri,,"(Michaud, 1841)",13/09/2019,2019,empty shell,2,0,2,exact,43.12888336,-4.806675434,25,Between Fuente Dé and Pido,Camaleño,Cantabria,,,Spain,ES,Ward Langeraert,HumanObservation,Y,6,Ward Langeraert,Ward Langeraert,
126,,Geomitridae,Helicella valdeona,Helicella,valdeona,,"E. Gittenberger & Manga, 1982",13/09/2019,2019,empty shell,4,1,3,exact,43.12888336,-4.806675434,25,Between Fuente Dé and Pido,Camaleño,Cantabria,,,Spain,ES,Ward Langeraert,HumanObservation,Y,6,Ward Langeraert,Ward Langeraert,
127,,Enidae,Merdigera obscura,Merdigera,obscura,,"(O. F. Müller, 1774)",13/09/2019,2019,empty shell,1,0,1,exact,43.12869644,-4.806987762,25,Between Fuente Dé and Pido,Camaleño,Cantabria,,,Spain,ES,Ward Langeraert,HumanObservation,Y,6,Ward Langeraert,Ward Langeraert,
128,,Pomatiidae,Pomatias elegans,Pomatias,elegans,,"(O. F. Müller, 1774)",13/09/2019,2019,empty shell,5,2,3,exact,43.12866974,-4.807012558,25,Between Fuente Dé and Pido,Camaleño,Cantabria,,,Spain,ES,Ward Langeraert,HumanObservation,Y,6,Ward Langeraert,Ward Langeraert,
129,,Geomitridae,Xerosecta cespitum,Xerosecta,cespitum,,"(Draparnaud, 1801)",13/09/2019,2019,empty shell,50,,,estimate,43.13079348,-4.80667439,25,Between Fuente Dé and Pido,Camaleño,Cantabria,,,Spain,ES,Ward Langeraert,HumanObservation,Y,6,Ward Langeraert,Ward Langeraert,
130,,Geomitridae,Xerotricha apicina,Xerotricha,apicina,,"(Lamarck, 1822)",13/09/2019,2019,empty shell,1,0,1,exact,43.40724182,-3.430622816,25,Laredo,Laredo,Cantabria,,,Spain,ES,Ward Langeraert,HumanObservation,N,,,Ward Langeraert,
131,,Helicidae,Theba pisana,Theba,pisana,,"(O. F. Müller, 1774)",14/09/2019,2019,empty shell,1,,,exact,43.41175461,-3.453062773,25,Dunes of Playa Regaton (Laredo),Laredo,Cantabria,,,Spain,ES,Ward Langeraert,HumanObservation,N,,,Ward Langeraert,
132,,Geomitridae,Cochlicella acuta,Cochlicella,acuta,,"(O. F. Müller, 1774)",14/09/2019,2019,empty shell,23,12,11,exact,43.41175461,-3.453063726,25,Dunes of Playa Regaton (Laredo),Laredo,Cantabria,,,Spain,ES,Ward Langeraert,HumanObservation,Y,7,Ward Langeraert,Ward Langeraert,
133,,Geomitridae,Xerotricha apicina,Xerotricha,apicina,,"(Lamarck, 1822)",14/09/2019,2019,empty shell,23,6,17,exact,43.41177368,-3.453038931,25,Dunes of Playa Regaton (Laredo),Laredo,Cantabria,,,Spain,ES,Ward Langeraert,HumanObservation,Y,7,Ward Langeraert,Ward Langeraert,
134,,Geomitridae,Cochlicella barbara,Cochlicella,barbara,,"(Linnaeus, 1758)",14/09/2019,2019,empty shell,40,,,estimate,43.41178513,-3.453142881,25,Dunes of Playa Regaton (Laredo),Laredo,Cantabria,,,Spain,ES,Ward Langeraert,HumanObservation,Y,7,Ward Langeraert,Ward Langeraert,
135,,Pupillidae,Pupilla muscorum,Pupilla,muscorum,,"(Linnaeus, 1758)",14/09/2019,2019,empty shell,40,,,estimate,43.41215897,-3.453241587,25,Dunes of Playa Regaton (Laredo),Laredo,Cantabria,,,Spain,ES,Ward Langeraert,HumanObservation,Y,7,Ward Langeraert,Ward Langeraert,"remarkably small shells, but does not seem to resemble any other species"
136,,Vitrinidae,Vitrina pellucida,Vitrina,pellucida,,"(O. F. Müller, 1774)",14/09/2019,2019,empty shell,3,3,0,exact,43.41215897,-3.453241587,25,Dunes of Playa Regaton (Laredo),Laredo,Cantabria,,,Spain,ES,Ward Langeraert,HumanObservation,Y,7,Ward Langeraert,Ward Langeraert,
137,,Geomitridae,Cernuella aginnica,Cernuella,aginnica,,"(Locard, 1882)",14/09/2019,2019,empty shell,6,4,2,exact,43.41217804,-3.4532547,25,Dunes of Playa Regaton (Laredo),Laredo,Cantabria,,,Spain,ES,Ward Langeraert,HumanObservation,Y,7,Ward Langeraert,Ward Langeraert,determination according to Cadevall and Orozco (2016)
138,,Clausiliidae,Clausilia bidentata,Clausilia,bidentata,,"(Strøm, 1765)",14/09/2019,2019,empty shell,9,0,9,exact,43.41232681,-3.453099489,25,Dunes of Playa Regaton (Laredo),Laredo,Cantabria,,,Spain,ES,Ward Langeraert,HumanObservation,Y,7,Ward Langeraert,Ward Langeraert,
139,,Cochlicopidae,Cochlicopa lubricella,Cochlicopa,lubricella,,"(Porro, 1838)",14/09/2019,2019,empty shell,3,0,3,exact,43.41232681,-3.453099489,25,Dunes of Playa Regaton (Laredo),Laredo,Cantabria,,,Spain,ES,Ward Langeraert,HumanObservation,Y,7,Ward Langeraert,Ward Langeraert,
140,,,Gastropoda spec.,,,,,14/09/2019,2019,empty shell,3,2,1,exact,43.41232681,-3.453099489,25,Dunes of Playa Regaton (Laredo),Laredo,Cantabria,,,Spain,ES,Ward Langeraert,HumanObservation,Y,7,Ward Langeraert,Ward Langeraert,"old, small shells possibly of marine origin, could also be a Platyla spec."
141,,,Gastropoda spec.,,,,,14/09/2019,2019,empty shell,1,0,1,exact,43.41232681,-3.453099489,25,Dunes of Playa Regaton (Laredo),Laredo,Cantabria,,,Spain,ES,Ward Langeraert,HumanObservation,Y,7,Ward Langeraert,Ward Langeraert,"old shell fragment possibly of marine origin, could also be a Platyla spec."
142,,Vertiginidae,Vertigo pygmaea,Vertigo,pygmaea,,"(Draparnaud, 1801)",14/09/2019,2019,empty shell,1,0,1,exact,43.41232681,-3.45311093,25,Dunes of Playa Regaton (Laredo),Laredo,Cantabria,,,Spain,ES,Ward Langeraert,HumanObservation,Y,7,Ward Langeraert,Ward Langeraert,
143,,Punctidae,Paralaoma servile,Paralaoma,servile,,"(Shuttleworth, 1852)",14/09/2019,2019,empty shell,50,,,estimate,43.41255951,-3.453010082,25,Dunes of Playa Regaton (Laredo),Laredo,Cantabria,,,Spain,ES,Ward Langeraert,HumanObservation,Y,7,Ward Langeraert,Ward Langeraert,
144,,Lauriidae,Lauria cylindracea,Lauria,cylindracea,,"(Da Costa, 1778)",14/09/2019,2019,empty shell,30,,,estimate,43.41254044,-3.453012466,25,Dunes of Playa Regaton (Laredo),Laredo,Cantabria,,,Spain,ES,Ward Langeraert,HumanObservation,Y,7,Ward Langeraert,Ward Langeraert,"remarkably small shells, but does not seem to resemble any other species"
145,,Valloniidae,Vallonia costata,Vallonia,costata,,"(O. F. Müller, 1774)",14/09/2019,2019,empty shell,1,0,1,exact,43.41254044,-3.453012466,25,Dunes of Playa Regaton (Laredo),Laredo,Cantabria,,,Spain,ES,Ward Langeraert,HumanObservation,Y,7,Ward Langeraert,Ward Langeraert,
146,,Helicidae,Cepaea nemoralis,Cepaea,nemoralis,,"(Linnaeus, 1758)",14/09/2019,2019,empty shell,1,0,1,exact,43.41360855,-3.452369452,25,Dunes of Playa Regaton (Laredo),Laredo,Cantabria,,,Spain,ES,Ward Langeraert,HumanObservation,N,,,Ward Langeraert,
147,,Geomitridae,Cernuella aginnica,Cernuella,aginnica,,"(Locard, 1882)",14/09/2019,2019,empty shell,14,10,4,exact,43.41360855,-3.452369452,25,Dunes of Playa Regaton (Laredo),Laredo,Cantabria,,,Spain,ES,Ward Langeraert,HumanObservation,Y,8,Ward Langeraert,Ward Langeraert,determination according to Cadevall and Orozco (2016)
148,,Geomitridae,Cochlicella barbara,Cochlicella,barbara,,"(Linnaeus, 1758)",14/09/2019,2019,empty shell,40,,,estimate,43.41360855,-3.452369452,25,Dunes of Playa Regaton (Laredo),Laredo,Cantabria,,,Spain,ES,Ward Langeraert,HumanObservation,Y,8,Ward Langeraert,Ward Langeraert,
149,,Geomitridae,Cochlicella acuta,Cochlicella,acuta,,"(O. F. Müller, 1774)",14/09/2019,2019,empty shell,5,0,5,exact,43.41360855,-3.452369452,25,Dunes of Playa Regaton (Laredo),Laredo,Cantabria,,,Spain,ES,Ward Langeraert,HumanObservation,Y,8,Ward Langeraert,Ward Langeraert,
150,,Lauriidae,Lauria cylindracea,Lauria,cylindracea,,"(Da Costa, 1778)",14/09/2019,2019,empty shell,25,,,estimate,43.41360855,-3.452369452,25,Dunes of Playa Regaton (Laredo),Laredo,Cantabria,,,Spain,ES,Ward Langeraert,HumanObservation,Y,8,Ward Langeraert,Ward Langeraert,"remarkably small shells, but does not seem to resemble any other species"
151,,Pupillidae,Pupilla muscorum,Pupilla,muscorum,,"(Linnaeus, 1758)",14/09/2019,2019,empty shell,40,,,estimate,43.41360855,-3.452369452,25,Dunes of Playa Regaton (Laredo),Laredo,Cantabria,,,Spain,ES,Ward Langeraert,HumanObservation,Y,8,Ward Langeraert,Ward Langeraert,"remarkably small shells,  but does not seem to resemble any other species"
152,,Clausiliidae,Clausilia bidentata,Clausilia,bidentata,,"(Strøm, 1765)",14/09/2019,2019,empty shell,13,2,11,exact,43.41360855,-3.452369452,25,Dunes of Playa Regaton (Laredo),Laredo,Cantabria,,,Spain,ES,Ward Langeraert,HumanObservation,Y,8,Ward Langeraert,Ward Langeraert,
153,,Punctidae,Paralaoma servile,Paralaoma,servile,,"(Shuttleworth, 1852)",14/09/2019,2019,empty shell,40,,,estimate,43.41360855,-3.452369452,25,Dunes of Playa Regaton (Laredo),Laredo,Cantabria,,,Spain,ES,Ward Langeraert,HumanObservation,Y,8,Ward Langeraert,Ward Langeraert,
154,,Valloniidae,Vallonia costata,Vallonia,costata,,"(O. F. Müller, 1774)",14/09/2019,2019,empty shell,13,0,13,exact,43.41360855,-3.452369452,25,Dunes of Playa Regaton (Laredo),Laredo,Cantabria,,,Spain,ES,Ward Langeraert,HumanObservation,Y,8,Ward Langeraert,Ward Langeraert,
155,,Valloniidae,Vallonia excentrica,Vallonia,excentrica,,"Sterki, 1893",14/09/2019,2019,empty shell,10,,,estimate,43.41360855,-3.452369452,25,Dunes of Playa Regaton (Laredo),Laredo,Cantabria,,,Spain,ES,Ward Langeraert,HumanObservation,Y,8,Ward Langeraert,Ward Langeraert,
156,,Pristilomatidae,Vitrea contracta,Vitrea,contracta,,"(Westerlund, 1871)",14/09/2019,2019,empty shell,3,0,3,exact,43.41360855,-3.452369452,25,Dunes of Playa Regaton (Laredo),Laredo,Cantabria,,,Spain,ES,Ward Langeraert,HumanObservation,Y,8,Ward Langeraert,Ward Langeraert,
157,,Cochlicopidae,Cochlicopa lubricella,Cochlicopa,lubricella,,"(Porro, 1838)",14/09/2019,2019,empty shell,3,1,2,exact,43.41360855,-3.452369452,25,Dunes of Playa Regaton (Laredo),Laredo,Cantabria,,,Spain,ES,Ward Langeraert,HumanObservation,Y,8,Ward Langeraert,Ward Langeraert,
158,,Vitrinidae,Vitrina pellucida,Vitrina,pellucida,,"(O. F. Müller, 1774)",14/09/2019,2019,empty shell,2,2,0,exact,43.41360855,-3.452369452,25,Dunes of Playa Regaton (Laredo),Laredo,Cantabria,,,Spain,ES,Ward Langeraert,HumanObservation,Y,8,Ward Langeraert,Ward Langeraert,
159,,Helicidae,Cornu aspersum,Cornu,aspersum,,"(O. F. Müller, 1774)",14/09/2019,2019,empty shell,1,0,1,exact,43.41360855,-3.452389479,25,Dunes of Playa Regaton (Laredo),Laredo,Cantabria,,,Spain,ES,Ward Langeraert,HumanObservation,N,,,Ward Langeraert,
160,,Hydrobiidae,Peringia ulvae,Peringia,ulvae,,"(Pennant, 1777)",14/09/2019,2019,empty shell,22,0,22,exact,43.40833664,-3.454290867,25,Salt marsh of Ría de Treto (Laredo),Laredo,Cantabria,,,Spain,ES,Ward Langeraert,HumanObservation,Y,9,Ward Langeraert,Ward Langeraert,
161,,Pomatiidae,Pomatias elegans,Pomatias,elegans,,"(O. F. Müller, 1774)",15/09/2019,2019,empty shell,1,,,exact,43.4164505,-3.398726225,25,Cliffs east of Laredo,Laredo,Cantabria,,,Spain,ES,Ward Langeraert,HumanObservation,N,,,Ward Langeraert,
162,,Helicidae,Cepaea nemoralis,Cepaea,nemoralis,,"(Linnaeus, 1758)",15/09/2019,2019,empty shell,1,,,exact,43.41646194,-3.398742199,25,Cliffs east of Laredo,Laredo,Cantabria,,,Spain,ES,Ward Langeraert,HumanObservation,N,,,Ward Langeraert,
163,,Helicidae,Cornu aspersum,Cornu,aspersum,,"(O. F. Müller, 1774)",15/09/2019,2019,empty shell,1,,,exact,43.41645813,-3.398741484,25,Cliffs east of Laredo,Laredo,Cantabria,,,Spain,ES,Ward Langeraert,HumanObservation,N,,,Ward Langeraert,
164,,Geomitridae,Helicella itala itala,Helicella,itala,itala,"(Linnaeus, 1758)",15/09/2019,2019,alive,1,0,1,exact,43.41644669,-3.398729086,25,Cliffs east of Laredo,Laredo,Cantabria,,,Spain,ES,Ward Langeraert,HumanObservation,N,,,Ward Langeraert,
165,,Neritidae,Theodoxus fluviatilis,Theodoxus,fluviatilis,,"(Linnaeus, 1758)",16/09/2019,2019,alive,,,,,43.34786987,-3.435980558,25,"Between Pico del Fraile, Marron and Hoz de Marron",Ampuero,Cantabria,,,Spain,ES,Ward Langeraert,HumanObservation,N,,,Ward Langeraert,
166,,Planorbidae,Ancylus fluviatilis,Ancylus,fluviatilis,,"O. F. Müller, 1774",16/09/2019,2019,alive,,,,,43.34788132,-3.436022758,25,"Between Pico del Fraile, Marron and Hoz de Marron",Ampuero,Cantabria,,,Spain,ES,Ward Langeraert,HumanObservation,N,,,Ward Langeraert,
167,,Discidae,Discus rotundatus,Discus,rotundatus,,"(O. F. Müller, 1774)",16/09/2019,2019,empty shell,1,,,,43.34780884,-3.435978413,25,"Between Pico del Fraile, Marron and Hoz de Marron",Ampuero,Cantabria,,,Spain,ES,Ward Langeraert,HumanObservation,N,,,Ward Langeraert,
168,,Gastrodontidae,Aegopinella nitidula,Aegopinella,nitidula,,"(Draparnaud, 1805)",16/09/2019,2019,empty shell,1,1,0,exact,43.34776306,-3.435976028,25,"Between Pico del Fraile, Marron and Hoz de Marron",Ampuero,Cantabria,,,Spain,ES,Ward Langeraert,HumanObservation,Y,10,Ward Langeraert,Ward Langeraert,
169,,Gastrodontidae,Aegopinella nitidula,Aegopinella,nitidula,,"(Draparnaud, 1805)",16/09/2019,2019,empty shell,6,0,6,exact,43.34599304,-3.43522501,25,"Between Pico del Fraile, Marron and Hoz de Marron",Ampuero,Cantabria,,,Spain,ES,Ward Langeraert,HumanObservation,Y,10,Ward Langeraert,Ward Langeraert,
170,,Elonidae,Elona quimperiana,Elona,quimperiana,,"(Blainville, 1821)",16/09/2019,2019,empty shell,,,,,43.34579468,-3.435367823,25,"Between Pico del Fraile, Marron and Hoz de Marron",Ampuero,Cantabria,,,Spain,ES,Ward Langeraert,HumanObservation,N,,,Ward Langeraert,
171,,Arionidae,Arion rufus/vulgaris,Arion,rufus/vulgaris,,"(Linnaeus, 1758)/Moquin-Tandon, 1857",16/09/2019,2019,alive,,,,,43.34544754,-3.435486555,25,"Between Pico del Fraile, Marron and Hoz de Marron",Ampuero,Cantabria,,,Spain,ES,Ward Langeraert,HumanObservation,N,,,Ward Langeraert,large black Arion
172,,Helicidae,Cepaea nemoralis,Cepaea,nemoralis,,"(Linnaeus, 1758)",16/09/2019,2019,empty shell,,,,,43.34552765,-3.435446501,25,"Between Pico del Fraile, Marron and Hoz de Marron",Ampuero,Cantabria,,,Spain,ES,Ward Langeraert,HumanObservation,N,,,Ward Langeraert,
173,,Hygromiidae,Hygromia limbata,Hygromia,limbata,,"(Draparnaud, 1805)",16/09/2019,2019,empty shell,1,0,1,exact,43.34397125,-3.436316252,25,"Between Pico del Fraile, Marron and Hoz de Marron",Ampuero,Cantabria,,,Spain,ES,Ward Langeraert,HumanObservation,Y,10,Ward Langeraert,Ward Langeraert,
174,,Clausiliidae,Clausilia bidentata,Clausilia,bidentata,,"(Strøm, 1765)",16/09/2019,2019,empty shell,,,,,43.34397888,-3.436356306,25,"Between Pico del Fraile, Marron and Hoz de Marron",Ampuero,Cantabria,,,Spain,ES,Ward Langeraert,HumanObservation,N,,,Ward Langeraert,
175,,Discidae,Discus rotundatus,Discus,rotundatus,,"(O. F. Müller, 1774)",16/09/2019,2019,empty shell,,,,,43.34370422,-3.436131239,25,"Between Pico del Fraile, Marron and Hoz de Marron",Ampuero,Cantabria,,,Spain,ES,Ward Langeraert,HumanObservation,N,,,Ward Langeraert,
176,,Trissexodontidae,Oestophora silvae,Oestophora,silvae,,"Ortiz de Zárate López, 1962",16/09/2019,2019,empty shell,,,,,43.34272003,-3.436607599,25,"Between Pico del Fraile, Marron and Hoz de Marron",Ampuero,Cantabria,,,Spain,ES,Ward Langeraert,HumanObservation,N,,,Ward Langeraert,"a fresh shell found closeby had a reddish brown colour and no callus behind the aperture (to distinguish it from the recently described O. urbionensis Prieto and Arribas, 2020 (Prieto et al., 2020))"
177,,Hygromiidae,Trochulus hispidus,Trochulus,hispidus,,"(Linnaeus, 1758)",16/09/2019,2019,empty shell,,,,,43.34268188,-3.436597347,25,"Between Pico del Fraile, Marron and Hoz de Marron",Ampuero,Cantabria,,,Spain,ES,Ward Langeraert,HumanObservation,N,,,Ward Langeraert,
178,,Oxychilidae,Oxychilus navarricus navarricus,Oxychilus,navarricus,navarricus,"(Bourguignat, 1870)",16/09/2019,2019,empty shell,3,1,2,exact,43.34435272,-3.436941147,25,"Between Pico del Fraile, Marron and Hoz de Marron",Ampuero,Cantabria,,,Spain,ES,Ward Langeraert,HumanObservation,Y,10,Ward Langeraert,Ward Langeraert,"largest shell horny yellowish, very smooth with shallow suture; finely striated, no point-shaped depressions were visible (to distinguish from O. anjana)"
179,,Gastrodontidae,Aegopinella nitidula,Aegopinella,nitidula,,"(Draparnaud, 1805)",16/09/2019,2019,empty shell,1,1,0,exact,43.34435272,-3.436941147,25,"Between Pico del Fraile, Marron and Hoz de Marron",Ampuero,Cantabria,,,Spain,ES,Ward Langeraert,HumanObservation,Y,10,Ward Langeraert,Ward Langeraert,
180,,Elonidae,Elona quimperiana,Elona,quimperiana,,"(Blainville, 1821)",16/09/2019,2019,alive,2,0,2,exact,43.34435272,-3.43694592,25,"Between Pico del Fraile, Marron and Hoz de Marron",Ampuero,Cantabria,,,Spain,ES,Ward Langeraert,HumanObservation,N,,,Ward Langeraert,
181,,Elonidae,Elona quimperiana,Elona,quimperiana,,"(Blainville, 1821)",16/09/2019,2019,empty shell,6,2,4,exact,43.34435272,-3.43694592,25,"Between Pico del Fraile, Marron and Hoz de Marron",Ampuero,Cantabria,,,Spain,ES,Ward Langeraert,HumanObservation,Y,10,Ward Langeraert,Ward Langeraert,
182,,Sphaeriidae,Pisidium aff. globulare,Pisidium,aff. globulare,,,16/09/2019,2019,alive,5,4,1,exact,43.34419632,-3.43699193,25,"Between Pico del Fraile, Marron and Hoz de Marron",Ampuero,Cantabria,,,Spain,ES,Ward Langeraert,HumanObservation,Y,10,Ward Langeraert,Ward Langeraert,"largest specimen 4-5 mm in length, no plica, pores visible over whole shell; habitat and distribution does not match for P. globulare"
183,,Planorbidae,Ancylus fluviatilis,Ancylus,fluviatilis,,"O. F. Müller, 1775",16/09/2019,2019,empty shell,3,2,1,exact,43.3440361,-3.43697834,25,"Between Pico del Fraile, Marron and Hoz de Marron",Ampuero,Cantabria,,,Spain,ES,Ward Langeraert,HumanObservation,Y,10,Ward Langeraert,Ward Langeraert,
184,,Trissexodontidae,Oestophora silvae,Oestophora,silvae,,"Ortiz de Zárate López, 1963",16/09/2019,2019,alive,2,0,2,exact,43.34404373,-3.43700051,25,"Between Pico del Fraile, Marron and Hoz de Marron",Ampuero,Cantabria,,,Spain,ES,Ward Langeraert,HumanObservation,N,,,Ward Langeraert,"a fresh shell from the same locality has a reddish brown colour and no callus behind the aperture (to distinguish it from the recently described O. urbionensis Prieto and Arribas, 2020 (Prieto et al., 2020))"
185,,Trissexodontidae,Oestophora silvae,Oestophora,silvae,,"Ortiz de Zárate López, 1964",16/09/2019,2019,empty shell,4,0,4,exact,43.34404373,-3.43700051,25,"Between Pico del Fraile, Marron and Hoz de Marron",Ampuero,Cantabria,,,Spain,ES,Ward Langeraert,HumanObservation,Y,10,Ward Langeraert,Ward Langeraert,"one fresh shell has a reddish brown colour and no callus behind the aperture (to distinguish it from the recently described O. urbionensis Prieto and Arribas, 2020 (Prieto et al., 2020))"
186,,Hygromiidae,Trochulus hispidus,Trochulus,hispidus,,"(Linnaeus, 1758)",16/09/2019,2019,empty shell,1,0,1,exact,43.34404373,-3.43700051,25,"Between Pico del Fraile, Marron and Hoz de Marron",Ampuero,Cantabria,,,Spain,ES,Ward Langeraert,HumanObservation,Y,10,Ward Langeraert,Ward Langeraert,
187,,Clausiliidae,Macrogastra rolphii digonostoma,Macrogastra,rolphii,digonostoma,"(Bourguignat, 1877)",16/09/2019,2019,alive,1,0,1,exact,43.34398651,-3.436951637,25,"Between Pico del Fraile, Marron and Hoz de Marron",Ampuero,Cantabria,,,Spain,ES,Ward Langeraert,HumanObservation,Y,10,Ward Langeraert,Ward Langeraert,
188,,Arionidae,Arion spec. 2,Arion,,,,16/09/2019,2019,alive,1,0,1,exact,43.34432983,-3.436876535,25,"Between Pico del Fraile, Marron and Hoz de Marron",Ampuero,Cantabria,,,Spain,ES,Ward Langeraert,HumanObservation,N,,,Ward Langeraert,small Arion (Kobeltia) spec. (maybe A. hortensis?)
189,,Hygromiidae,Hygromiidae spec.,,,,,16/09/2019,2019,alive,1,1,0,exact,43.34389444,-3.43705833,25,"Between Pico del Fraile, Marron and Hoz de Marron",Ampuero,Cantabria,,,Spain,ES,Ward Langeraert,HumanObservation,N,,,Ward Langeraert,possibly a juvenile of Hygromia limbata
